id	name	ping_1	ping_2	ping_3	ping_4	ping_5	ping_6	ping_7	ping_8	zhang_1	zhang_2	StructuredFund
150284	申万菱信申万医药生物分级B行情吧档案			0.3771	---	0.3432	---	0.3990	-5.81%	0.0339	9.88%	True
502025	鹏华钢铁分级B行情吧档案			0.5250	0.5250	0.4850	0.4850	0.7680	-46.29%	0.0400	8.25%	True
150149	信诚中证800医药指数分级B行情吧档案			0.3990	1.4290	0.3700	1.4000	0.3980	0.25%	0.0290	7.84%	True
150050	南方消费进取行情吧档案			0.3780	1.4970	0.3520	1.3940	0.4020	-6.35%	0.0260	7.39%	True
150258	易方达生物分级B行情吧档案			0.5499	---	0.5170	---	0.5540	-0.75%	0.0329	6.36%	True
150093	诺德深证300指数分级B行情吧档案			0.3460	1.6770	0.3260	1.6570	0.3890	-12.43%	0.0200	6.14%	True
150262	华宝中证医疗指数分级B行情吧档案			0.5079	0.0192	0.4791	0.0181	0.5050	0.57%	0.0288	6.01%	True
150282	长盛中证金融地产指数分级B行情吧档案			0.3930	---	0.3710	---	0.4600	-17.05%	0.0220	5.93%	True
150124	建信央视50B行情吧档案			0.4772	---	0.4514	---	0.4630	2.98%	0.0258	5.72%	True
150146	招商沪深300高贝塔分级B行情吧档案			0.4592	1.1039	0.4344	1.0978	0.5000	-8.89%	0.0248	5.71%	True
150288	中融国证钢铁行业指数分级B行情吧档案			0.8600	0.0310	0.8140	0.0300	0.8560	0.47%	0.0460	5.65%	True
150270	招商中证白酒指数分级B行情吧档案			0.8273	1.7806	0.7832	1.7365	0.8610	-4.07%	0.0441	5.63%	True
150220	前海开源健康分级B行情吧档案			0.4130	0.4130	0.3910	0.3910	0.3900	5.57%	0.0220	5.63%	True
150052	信诚沪深300指数分级B行情吧档案			0.4620	1.4110	0.4380	1.4050	0.4860	-5.19%	0.0240	5.48%	True
150131	国泰国证医药卫生指数分级B行情吧档案			1.0134	1.3453	0.9616	1.2935	1.0110	0.24%	0.0518	5.39%	True
150168	银华沪深300指数分级B行情吧档案			0.5010	---	0.4760	---	0.5360	-6.99%	0.0250	5.25%	True
502050	易方达上证50指数分级B行情吧档案			0.5896	---	0.5603	---	0.6140	-4.14%	0.0293	5.23%	True
150019	银华锐进行情吧档案			0.4860	0.4860	0.4620	0.4620	0.5090	-4.73%	0.0240	5.19%	True
150151	信诚中证800有色指数分级B行情吧档案			0.5470	1.1010	0.5200	1.0950	0.5740	-4.94%	0.0270	5.19%	True
150107	易方达中小板指数分级B行情吧档案			0.4187	---	0.3981	---	0.4050	3.27%	0.0206	5.17%	True
150197	国泰国证有色金属行业分级B行情吧档案			0.3940	0.1201	0.3747	0.1142	0.4080	-3.55%	0.0193	5.15%	True
150300	华安中证银行指数分级B行情吧档案			0.5367	0.5367	0.5110	0.5110	0.5380	-0.24%	0.0257	5.03%	True
502058	广发医疗指数分级B行情吧档案			0.6736	0.1925	0.6415	0.1833	0.6800	-0.95%	0.0321	5.00%	True
150292	中融中证银行指数分级B行情吧档案			0.5690	0.5690	0.5430	0.5430	0.5700	-0.18%	0.0260	4.79%	True
150210	富国中证国企改革指数分级B 行情吧档案			0.4440	1.2710	0.4240	1.2660	0.4680	-5.41%	0.0200	4.72%	True
502022	国金上证50分级B行情吧档案			0.6630	---	0.6340	---	1.1540	-74.06%	0.0290	4.57%	True
150139	银华800B行情吧档案			0.3530	---	0.3380	---	0.4610	-30.59%	0.0150	4.44%	True
150228	鹏华银行分级B行情吧档案			0.6760	0.6760	0.6480	0.6480	0.7060	-4.44%	0.0280	4.32%	True
150256	易方达银行分级B行情吧档案			0.7089	---	0.6798	---	0.8190	-15.53%	0.0291	4.28%	True
150304	华安创业板50指数分级B行情吧档案			0.6515	0.0062	0.6248	0.0060	0.6550	-0.54%	0.0267	4.27%	True
150084	广发深证100指数分级B行情吧档案			0.7055	0.7055	0.6767	0.6767	0.8900	-26.15%	0.0288	4.26%	True
150136	国富中证100指数增强分级B行情吧档案			0.6860	0.6860	0.6580	0.6580	0.6660	2.92%	0.0280	4.26%	True
150232	申万菱信申万电子分级B行情吧档案			0.4216	---	0.4047	---	0.4810	-14.09%	0.0169	4.18%	True
150272	招商国证生物医药指数分级B行情吧档案			0.6197	0.1635	0.5950	0.1570	0.6540	-5.53%	0.0247	4.15%	True
150330	方正富邦保险主题指数分级B行情吧档案			1.0890	1.0890	1.0470	1.0470	1.1250	-3.31%	0.0420	4.01%	True
150260	易方达重组分级B行情吧档案			0.6043	---	0.5812	---	0.6530	-8.06%	0.0231	3.97%	True
150268	博时中证银行指数分级B行情吧档案			0.8031	0.8031	0.7726	0.7726	0.8500	-5.84%	0.0305	3.95%	True
150296	南方中证国有企业改革分级B行情吧档案			0.5557	---	0.5346	---	0.5860	-5.45%	0.0211	3.95%	True
150216	国泰深证TMT50指数分级B行情吧档案			0.4484	0.1352	0.4314	0.1301	0.4350	2.99%	0.0170	3.94%	True
150230	鹏华酒分级B行情吧档案			1.2160	1.2880	1.1700	1.2740	1.2650	-4.03%	0.0460	3.93%	True
150250	招商中证银行指数分级B行情吧档案			0.8141	0.8141	0.7834	0.7834	0.8700	-6.87%	0.0307	3.92%	True
150242	富国中证银行指数分级B行情吧档案			0.8540	0.8540	0.8220	0.8220	0.8750	-2.46%	0.0320	3.89%	True
150075	诺安进取行情吧档案			0.3240	1.7690	0.3120	1.7670	0.3750	-15.74%	0.0120	3.85%	True
150158	信诚中证800金融指数分级B行情吧档案			0.7410	1.8890	0.7140	1.8620	0.7600	-2.56%	0.0270	3.78%	True
150065	长盛同瑞200分级B行情吧档案			0.5620	1.8570	0.5420	1.8550	0.6980	-24.20%	0.0200	3.69%	True
150199	国泰国证食品饮料行业指数B行情吧档案			1.2074	2.3163	1.1651	2.2740	1.1780	2.43%	0.0423	3.63%	True
150328	工银中证新能源指数分级B行情吧档案			0.4968	0.1380	0.4797	0.1332	0.4910	1.17%	0.0171	3.56%	True
502042	长盛上证50指数分级B行情吧档案			0.9910	---	0.9570	---	1.0900	-9.99%	0.0340	3.55%	True
150206	鹏华中证国防指数分级B行情吧档案			0.3500	1.1590	0.3380	1.1580	0.3840	-9.71%	0.0120	3.55%	True
502008	易方达国企改革指数分级B行情吧档案			0.6695	---	0.6466	---	0.6710	-0.22%	0.0229	3.54%	True
150031	银华中证等权90鑫利行情吧档案			0.6700	0.5530	0.6480	0.5520	0.7350	-9.70%	0.0220	3.40%	True
150101	鹏华资源分级B行情吧档案			0.8000	0.1970	0.7740	0.1910	0.7990	0.13%	0.0260	3.36%	True
150244	鹏华创业板分级B行情吧档案			0.7440	0.0450	0.7200	0.0440	0.7780	-4.57%	0.0240	3.33%	True
150226	博时中证800证券保险分级B行情吧档案			0.8847	0.2150	0.8568	0.2082	0.8960	-1.28%	0.0279	3.26%	True
150153	富国创业板指数分级B行情吧档案			0.7020	2.2110	0.6800	2.2110	0.7300	-3.99%	0.0220	3.24%	True
150105	华安沪深300指数分级B行情吧档案			1.2301	1.2301	1.1921	1.1921	1.2020	2.28%	0.0380	3.19%	True
502002	西部利得中证500等权重分级B行情吧档案			0.5056	0.0819	0.4903	0.0794	0.4290	15.15%	0.0153	3.12%	True
150306	国寿安保中证养老产业分级B行情吧档案			0.8120	0.1940	0.7880	0.1880	0.8190	-0.86%	0.0240	3.05%	True
150178	鹏华证券保险分级B行情吧档案			0.9480	2.1720	0.9200	2.1700	0.9760	-2.95%	0.0280	3.04%	True
502012	易方达证券公司分级B行情吧档案			0.7104	---	0.6898	---	0.7450	-4.87%	0.0206	2.99%	True
150193	鹏华地产分级B行情吧档案			0.7640	2.2370	0.7420	2.2310	0.7390	3.27%	0.0220	2.97%	True
150013	国联安双禧中证100B行情吧档案			1.1230	1.0050	1.0910	0.9830	1.1450	-1.96%	0.0320	2.93%	True
502015	长盛中证申万一带一路分级B行情吧档案			1.0650	---	1.0350	---	1.0760	-1.03%	0.0300	2.90%	True
150201	招商中证全指证券公司分级B行情吧档案			0.7589	0.1258	0.7378	0.1254	0.7970	-5.02%	0.0211	2.86%	True
150180	鹏华信息分级B行情吧档案			0.6500	2.0900	0.6320	2.0880	0.6700	-3.08%	0.0180	2.85%	True
512010	易方达沪深300医药ETF行情吧档案			1.3620	1.3620	1.3246	1.3246	1.3660	-0.29%	0.0374	2.82%	True
150290	中融中证煤炭指数分级B行情吧档案			0.7290	0.1810	0.7090	0.1760	0.7250	0.55%	0.0200	2.82%	True
150214	国投瑞银中证创业指数分级B行情吧档案			0.9130	0.0430	0.8880	0.0420	0.9550	-4.60%	0.0250	2.82%	True
150316	富国中证工业4.0指数分级B行情吧档案			0.8420	0.0330	0.8190	0.0320	0.8710	-3.44%	0.0230	2.81%	True
150060	银华鑫瑞行情吧档案			0.7350	0.1790	0.7150	0.1740	0.7400	-0.68%	0.0200	2.80%	True
150054	泰达进取行情吧档案			0.5912	2.2798	0.5753	2.2639	0.6550	-10.79%	0.0159	2.76%	True
150176	银华恒生国企指数分级B行情吧档案			0.8849	---	0.8614	---	0.9100	-2.84%	0.0235	2.73%	True
512120	华安中证细分医药ETF行情吧档案			1.2060	1.2060	1.1740	1.1740	1.2030	0.25%	0.0320	2.73%	True
150322	富国中证煤炭指数分级B行情吧档案			0.6820	0.1150	0.6640	0.1120	0.6450	5.43%	0.0180	2.71%	True
150336	融通军工分级B行情吧档案			0.4610	0.1210	0.4490	0.1180	0.4900	-6.29%	0.0120	2.67%	True
150118	国泰国证房地产行业指数分级B行情吧档案			0.7994	2.0918	0.7787	2.0711	0.8000	-0.08%	0.0207	2.66%	True
502038	大成中证互联网金融指数分级B行情吧档案			0.3840	---	0.3741	---	1.0400	-170.83%	0.0099	2.65%	True
150095	泰信基本面400B行情吧档案			0.7060	0.4610	0.6880	0.4500	0.9570	-35.55%	0.0180	2.62%	True
510660	上证医药卫生ETF行情吧档案			1.4477	1.4477	1.4109	1.4109	1.4500	-0.16%	0.0368	2.61%	True
150280	鹏华新能源分级B行情吧档案			0.9540	0.0370	0.9300	0.0360	1.2670	-32.81%	0.0240	2.58%	True
150144	银华中证转债指数增强分级B行情吧档案			0.8090	---	0.7890	---	0.8730	-7.91%	0.0200	2.53%	True
150266	中融一带一路分级B行情吧档案			0.7780	0.0570	0.7590	0.0550	0.7800	-0.26%	0.0190	2.50%	True
512610	嘉实中证医药卫生ETF行情吧档案			1.1685	1.1685	1.1404	1.1404	1.1780	-0.81%	0.0281	2.46%	True
159929	汇添富中证医药卫生ETF行情吧档案			1.2016	1.2016	1.1728	1.1728	1.2000	0.13%	0.0288	2.46%	True
150208	招商沪深300地产等权重分级B行情吧档案			1.0217	1.2528	0.9976	1.2473	0.9730	4.77%	0.0241	2.42%	True
150274	鹏华一带一路分级B行情吧档案			0.9530	0.0710	0.9310	0.0690	1.0610	-11.33%	0.0220	2.36%	True
502055	长盛中证证券公司分级B行情吧档案			1.2430	---	1.2150	---	1.2710	-2.25%	0.0280	2.30%	True
150195	富国中证移动互联网指数分级B行情吧档案			0.4460	2.0370	0.4360	2.0370	0.4760	-6.73%	0.0100	2.29%	True
150236	鹏华证券分级B行情吧档案			1.1610	0.0580	1.1350	0.0570	1.1770	-1.38%	0.0260	2.29%	True
512600	嘉实中证主要消费ETF行情吧档案			1.9323	1.9323	1.8892	1.8892	1.8990	1.72%	0.0431	2.28%	True
159928	汇添富中证主要消费ETF行情吧档案			1.9417	1.9417	1.8985	1.8985	1.9440	-0.12%	0.0432	2.28%	True
159938	广发中证全指医药卫生ETF行情吧档案			1.0425	1.0425	1.0194	1.0194	1.0410	0.14%	0.0231	2.27%	True
150170	汇添富恒生指数分级B行情吧档案			1.2660	1.2660	1.2380	1.2380	1.2770	-0.87%	0.0280	2.26%	True
150312	信诚中证智能家居指数分级B行情吧档案			0.8230	---	0.8050	---	0.9290	-12.88%	0.0180	2.24%	True
150238	鹏华环保分级B行情吧档案			0.3660	0.1190	0.3580	0.1170	0.4320	-18.03%	0.0080	2.23%	True
150264	华宝中证1000指数分级B行情吧档案			0.3853	0.0137	0.3769	0.0134	0.3990	-3.56%	0.0084	2.23%	True
150218	交银国证新能源指数分级B行情吧档案			0.7420	0.1040	0.7260	0.1020	0.7960	-7.28%	0.0160	2.20%	True
150212	富国中证新能源汽车指数分级B行情吧档案			0.7430	0.1420	0.7270	0.1390	0.7650	-2.96%	0.0160	2.20%	True
150276	安信一带一路分级B行情吧档案			0.9380	0.0580	0.9180	0.0570	0.9540	-1.71%	0.0200	2.18%	True
150246	鹏华互联网分级B行情吧档案			0.4720	0.0950	0.4620	0.0930	0.6220	-31.78%	0.0100	2.16%	True
512550	嘉实富时中国A50ETF行情吧档案			0.9465	0.9465	0.9270	0.9270	0.9440	0.26%	0.0195	2.10%	True
150344	融通证券分级B行情吧档案			1.4570	0.0910	1.4270	0.0890	1.4700	-0.89%	0.0300	2.10%	True
150302	华安中证全指证券公司分级B行情吧档案			1.4555	0.0577	1.4260	0.0566	1.5600	-7.18%	0.0295	2.07%	True
150172	申万菱信申万证券分级B行情吧档案			1.4802	---	1.4503	---	1.4940	-0.93%	0.0299	2.06%	True
150224	富国中证全指证券公司分级B行情吧档案			1.4540	0.0290	1.4250	0.0280	1.3950	4.06%	0.0290	2.04%	True
150037	建信进取行情吧档案			1.4590	---	1.4300	---	1.6980	-16.38%	0.0290	2.03%	True
512770	华夏战略新兴成指ETF行情吧档案			0.8567	0.8567	0.8398	0.8398	0.8550	0.20%	0.0169	2.01%	True
510090	建信上证责任ETF行情吧档案			1.4611	1.7431	1.4323	1.7087	1.4530	0.55%	0.0288	2.01%	True
150324	工银中证环保产业指数分级B行情吧档案			0.3807	0.0889	0.3732	0.0872	0.3950	-3.76%	0.0075	2.01%	True
150222	前海开源中航军工B行情吧档案			0.7330	0.1270	0.7190	0.1240	0.6870	6.28%	0.0140	1.95%	True
510050	华夏上证50ETF行情吧档案			2.4120	3.3850	2.3660	3.3300	2.4090	0.12%	0.0460	1.94%	True
510170	国联安上证商品ETF行情吧档案			1.4760	0.4580	1.4480	0.4490	1.4920	-1.08%	0.0280	1.93%	True
510800	建信上证50ETF行情吧档案			0.8490	0.8490	0.8329	0.8329	0.8480	0.12%	0.0161	1.93%	True
150008	国投瑞银瑞和小康行情吧档案			1.0050	1.0610	0.9860	1.0410	1.0790	-7.36%	0.0190	1.93%	True
512400	南方中证申万有色金属ETF行情吧档案			0.5882	0.5882	0.5771	0.5771	0.5900	-0.31%	0.0111	1.92%	True
510600	申万菱信上证50ETF行情吧档案			2.4060	0.9804	2.3606	0.9619	2.3750	1.29%	0.0454	1.92%	True
510710	博时上证50ETF行情吧档案			2.6238	0.8111	2.5743	0.7958	2.6200	0.14%	0.0495	1.92%	True
510030	华宝上证180价值ETF行情吧档案			4.5620	1.5620	4.4760	1.5320	4.5900	-0.61%	0.0860	1.92%	True
510150	招商上证消费80ETF行情吧档案			4.0440	1.3328	3.9679	1.3077	4.0400	0.10%	0.0761	1.92%	True
510680	万家上证50ETF行情吧档案			2.0240	2.0240	1.9860	1.9860	2.0120	0.59%	0.0380	1.91%	True
159906	大成深证成长40ETF行情吧档案			0.6400	0.6400	0.6280	0.6280	0.6340	0.94%	0.0120	1.91%	True
150298	南方中证互联网指数分级B行情吧档案			0.8007	---	0.7858	---	0.9280	-15.90%	0.0149	1.90%	True
510270	中银上证国企100ETF行情吧档案			0.9740	1.1370	0.9560	1.1160	0.9680	0.62%	0.0180	1.88%	True
510110	海富通上证周期ETF行情吧档案			3.1580	1.2670	3.1000	1.2440	3.0550	3.26%	0.0580	1.87%	True
159913	交银深证300ETF行情吧档案			1.4340	1.4340	1.4080	1.4080	1.4230	0.77%	0.0260	1.85%	True
510650	上证金融地产ETF行情吧档案			1.6136	1.6136	1.5844	1.5844	1.6110	0.16%	0.0292	1.84%	True
159923	大成中证100ETF行情吧档案			1.3820	1.3820	1.3570	1.3570	1.3660	1.16%	0.0250	1.84%	True
512160	南方MSCI中国A股国际通ETF行情吧档案			0.8742	0.8742	0.8584	0.8584	0.8730	0.14%	0.0158	1.84%	True
510010	交银上证180治理ETF行情吧档案			0.9960	1.1090	0.9780	1.0890	0.9720	2.41%	0.0180	1.84%	True
510020	博时上证超大盘ETF行情吧档案			2.4857	0.9168	2.4408	0.9002	2.4880	-0.09%	0.0449	1.84%	True
510120	海富通上证非周期ETF行情吧档案			2.5050	1.0550	2.4600	1.0360	2.4790	1.04%	0.0450	1.83%	True
159925	南方开元沪深300ETF行情吧档案			1.3542	1.1873	1.3299	1.1660	1.3430	0.83%	0.0243	1.83%	True
512520	华泰MSCI中国A股国际通ETF行情吧档案			0.8583	0.8583	0.8429	0.8429	0.8550	0.38%	0.0154	1.83%	True
150029	信诚中证500指数分级B行情吧档案			0.8370	1.8600	0.8220	1.8580	0.8590	-2.63%	0.0150	1.82%	True
510180	华安上证180ETF行情吧档案			2.9071	3.0762	2.8551	3.0278	2.9070	0.00%	0.0520	1.82%	True
159919	嘉实沪深300ETF行情吧档案			3.1667	1.3443	3.1101	1.3203	3.1580	0.27%	0.0566	1.82%	True
510390	平安沪深300ETF行情吧档案			3.2232	0.7713	3.1656	0.7575	3.2190	0.13%	0.0576	1.82%	True
510300	华泰柏瑞沪深300ETF行情吧档案			3.1684	1.2966	3.1118	1.2756	3.1660	0.08%	0.0566	1.82%	True
512090	易方达MSCI中国A股ETF行情吧档案			0.8738	0.8738	0.8582	0.8582	0.8740	-0.02%	0.0156	1.82%	True
510330	华夏沪深300ETF行情吧档案			3.1710	1.4631	3.1144	1.4399	3.1670	0.13%	0.0566	1.82%	True
510310	易方达沪深300ETF行情吧档案			1.3748	1.3748	1.3503	1.3503	1.3730	0.13%	0.0245	1.81%	True
512700	南方中证银行ETF行情吧档案			0.9599	0.9599	0.9428	0.9428	0.9590	0.09%	0.0171	1.81%	True
510380	国寿安保沪深300ETF行情吧档案			0.8036	0.8036	0.7893	0.7893	0.8080	-0.55%	0.0143	1.81%	True
512990	华夏MSCIA股国际通ETF行情吧档案			0.9390	0.9390	0.9223	0.9223	0.9370	0.21%	0.0167	1.81%	True
512280	景顺MSCI中国A股ETF行情吧档案			0.8548	0.8548	0.8396	0.8396	0.8530	0.21%	0.0152	1.81%	True
159901	易方达深证100ETF行情吧档案			3.5052	3.4421	3.4429	3.3829	3.5090	-0.11%	0.0623	1.81%	True
150174	信诚中证TMT产业指数分级B行情吧档案			0.6760	2.0350	0.6640	2.0340	0.7180	-6.21%	0.0120	1.81%	True
510360	广发沪深300ETF行情吧档案			1.0198	1.0198	1.0017	1.0017	1.0180	0.18%	0.0181	1.81%	True
510230	国泰上证180金融ETF行情吧档案			4.9575	1.5642	4.8697	1.5392	4.9500	0.15%	0.0878	1.80%	True
512340	南方中证500原材料ETF行情吧档案			0.6734	0.6734	0.6615	0.6615	0.6720	0.21%	0.0119	1.80%	True
512800	华宝中证银行ETF行情吧档案			0.9287	0.9287	0.9123	0.9123	0.9280	0.08%	0.0164	1.80%	True
512820	汇添富中证银行ETF行情吧档案			0.9688	0.9688	0.9517	0.9517	0.9670	0.19%	0.0171	1.80%	True
512180	建信MSCI中国A股国际通ETF行情吧档案			0.8559	0.8559	0.8408	0.8408	0.8530	0.34%	0.0151	1.80%	True
512360	平安MSCI中国A股国际ETF行情吧档案			0.8896	0.8896	0.8740	0.8740	0.8900	-0.04%	0.0156	1.78%	True
159911	鹏华深证民营ETF行情吧档案			2.9483	0.8934	2.8971	0.8778	2.9470	0.04%	0.0512	1.77%	True
159933	国投瑞银金融地产ETF行情吧档案			1.7126	1.7126	1.6830	1.6830	1.6820	1.79%	0.0296	1.76%	True
512860	华安MSCI中国ETF行情吧档案			1.0194	1.0194	1.0018	1.0018	1.0150	0.43%	0.0176	1.76%	True
512070	易方达沪深300非银ETF行情吧档案			1.7041	1.7041	1.6747	1.6747	1.7010	0.18%	0.0294	1.76%	True
150056	工银中证500分级B行情吧档案			0.8467	0.8467	0.8321	0.8321	0.8490	-0.27%	0.0146	1.75%	True
159949	华安创业板50ETF行情吧档案			0.4442	0.4442	0.4366	0.4366	0.4440	0.05%	0.0076	1.74%	True
512920	新华MSCI中国A股国际ETF行情吧档案			0.9824	0.9824	0.9656	0.9656	0.9800	0.24%	0.0168	1.74%	True
159961	方正富邦深证100ETF行情吧档案			1.0140	1.0140	0.9967	0.9967	1.0130	0.10%	0.0173	1.74%	True
159905	工银深证红利ETF行情吧档案			1.3802	1.3802	1.3567	1.3567	1.3780	0.16%	0.0235	1.73%	True
510060	工银上证央企50ETF行情吧档案			1.6831	1.0766	1.6545	1.0583	1.6540	1.73%	0.0286	1.73%	True
512390	平安MSCI中国A股ETF行情吧档案			0.8557	0.8557	0.8412	0.8412	0.8530	0.32%	0.0145	1.72%	True
510260	诺安上证新兴ETF行情吧档案			0.9450	0.9450	0.9290	0.9290	0.9430	0.21%	0.0160	1.72%	True
510410	博时上证自然资源ETF行情吧档案			0.5793	0.5793	0.5695	0.5695	0.5780	0.22%	0.0098	1.72%	True
512640	嘉实中证金融地产ETF行情吧档案			1.6349	1.6349	1.6076	1.6076	1.6000	2.13%	0.0273	1.70%	True
510070	鹏华上证民企50ETF行情吧档案			1.3800	1.1830	1.3570	1.1630	1.3820	-0.14%	0.0230	1.69%	True
159931	汇添富中证金融地产ETF行情吧档案			1.4296	1.4296	1.4058	1.4058	1.4200	0.67%	0.0238	1.69%	True
512300	中证500医药卫生ETF行情吧档案			0.8735	0.8735	0.8591	0.8591	0.8720	0.17%	0.0144	1.68%	True
159944	广发中证全指原材料ETF行情吧档案			0.6379	0.6379	0.6274	0.6274	0.6450	-1.11%	0.0105	1.67%	True
150187	申万菱信中证军工指数分级B行情吧档案			0.8006	---	0.7875	---	0.8380	-4.67%	0.0131	1.66%	True
159912	汇添富深证300ETF行情吧档案			0.9933	0.9933	0.9774	0.9774	0.9930	0.03%	0.0159	1.63%	True
510130	中盘ETF行情吧档案			3.2701	1.1247	3.2181	1.1069	3.2680	0.06%	0.0520	1.62%	True
159940	广发中证全指金融地产ETF行情吧档案			0.8291	0.8291	0.8160	0.8160	0.8160	1.58%	0.0131	1.61%	True
510810	汇添富中证上海国企ETF行情吧档案			0.7897	0.8197	0.7773	0.8073	0.7870	0.34%	0.0124	1.60%	True
150182	富国中证军工指数分级B行情吧档案			1.0200	2.1360	1.0040	2.1350	1.0390	-1.86%	0.0160	1.59%	True
510630	上证主要消费ETF行情吧档案			2.0911	2.0911	2.0584	2.0584	2.0870	0.20%	0.0327	1.59%	True
159902	华夏中小板ETF行情吧档案			2.4060	2.5260	2.3690	2.4890	2.4060	0.00%	0.0370	1.56%	True
510160	南方中证小康产业ETF行情吧档案			0.4967	1.2357	0.4892	1.2171	0.4960	0.14%	0.0075	1.53%	True
150009	国投瑞银瑞和远见行情吧档案			1.0010	1.1730	0.9860	1.1550	0.9620	3.90%	0.0150	1.52%	True
150204	鹏华传媒分级B行情吧档案			0.6680	1.4430	0.6580	1.4420	0.6970	-4.34%	0.0100	1.52%	True
159916	建信深证60ETF行情吧档案			3.1273	1.7039	3.0808	1.6785	3.0910	1.16%	0.0465	1.51%	True
150248	工银中证传媒指数分级B行情吧档案			0.6687	0.0088	0.6588	0.0087	0.6750	-0.94%	0.0099	1.50%	True
159903	南方深成ETF行情吧档案			0.8269	0.6101	0.8147	0.6011	0.8240	0.35%	0.0122	1.50%	True
159910	嘉实深证120ETF行情吧档案			1.4345	1.4345	1.4135	1.4135	1.4330	0.10%	0.0210	1.49%	True
513900	华安CES港股通ETF行情吧档案			0.9325	0.9325	0.9189	0.9189	0.9280	0.48%	0.0136	1.48%	True
510430	银华上证50等权ETF行情吧档案			1.3030	1.3030	1.2840	1.2840	1.2970	0.46%	0.0190	1.48%	True
159943	大成深证成份ETF行情吧档案			8.1660	0.5360	8.0470	0.5280	8.0540	1.37%	0.1190	1.48%	True
502005	易方达军工分级B行情吧档案			1.0932	---	1.0773	---	1.1170	-2.18%	0.0159	1.48%	True
150252	招商中证煤炭等权指数分级B行情吧档案			0.6455	0.2085	0.6362	0.2055	0.6590	-2.09%	0.0093	1.46%	True
159950	易方达深证成指ETF行情吧档案			0.7800	0.7800	0.7688	0.7688	0.7750	0.64%	0.0112	1.46%	True
150294	南方中证高铁产业指数分级B行情吧档案			0.4715	---	0.4648	---	0.4770	-1.17%	0.0067	1.44%	True
159915	易方达创业板ETF行情吧档案			1.2177	1.3950	1.2004	1.3752	1.2160	0.14%	0.0173	1.44%	True
159948	南方创业板ETF行情吧档案			1.3245	0.6509	1.3057	0.6416	1.3230	0.11%	0.0188	1.44%	True
510210	富国上证综指ETF行情吧档案			3.1070	1.0630	3.0630	1.0480	3.0980	0.29%	0.0440	1.44%	True
159955	嘉实创业板ETF行情吧档案			0.6861	0.6861	0.6764	0.6764	0.6850	0.16%	0.0097	1.43%	True
159958	工银瑞信创业板ETF行情吧档案			0.7359	0.7359	0.7255	0.7255	0.7340	0.26%	0.0104	1.43%	True
150318	交银中证互联网金融指数分级B行情吧档案			1.1340	0.0830	1.1180	0.0820	1.5150	-33.60%	0.0160	1.43%	True
159956	建信创业板ETF行情吧档案			0.7189	0.7189	0.7088	0.7088	0.7180	0.13%	0.0101	1.42%	True
159908	博时创业板ETF行情吧档案			1.0961	1.0961	1.0808	1.0808	1.0940	0.19%	0.0153	1.42%	True
159957	华夏创业板ETF行情吧档案			0.7456	0.7456	0.7352	0.7352	0.7450	0.08%	0.0104	1.41%	True
510220	华泰柏瑞中小盘ETF行情吧档案			3.3615	0.9294	3.3147	0.9166	3.3280	1.00%	0.0468	1.41%	True
150022	申万菱信深证成指分级收益行情吧档案			0.7649	1.1656	0.7545	1.1552	0.6780	11.36%	0.0104	1.38%	True
510190	华安上证龙头ETF行情吧档案			2.8690	1.0990	2.8300	1.0840	2.8670	0.07%	0.0390	1.38%	True
510880	华泰柏瑞上证红利ETF行情吧档案			2.5624	2.1057	2.5280	2.0831	2.5600	0.09%	0.0344	1.36%	True
159952	广发创业板ETF行情吧档案			0.7332	0.7332	0.7234	0.7234	0.7320	0.16%	0.0098	1.35%	True
513600	南方恒生ETF行情吧档案			2.4763	1.2843	2.4433	1.2672	2.4660	0.42%	0.0330	1.35%	True
150023	申万菱信深证成指分级进取行情吧档案			0.0751	0.0751	0.0741	0.0741	0.1620	-115.71%	0.0010	1.35%	True
159920	华夏恒生ETF行情吧档案			1.4222	1.4982	1.4033	1.4793	1.4200	0.15%	0.0189	1.35%	True
513660	华夏沪港通恒生ETF行情吧档案			2.4564	1.2753	2.4238	1.2584	2.4440	0.50%	0.0326	1.35%	True
512880	国泰中证全指证券公司ETF行情吧档案			0.7913	0.7913	0.7811	0.7811	0.7910	0.04%	0.0102	1.31%	True
512900	南方中证全指证券ETF行情吧档案			0.7625	0.7625	0.7527	0.7527	0.7610	0.20%	0.0098	1.30%	True
512000	华宝中证全指证券ETF行情吧档案			0.7540	0.7540	0.7444	0.7444	0.7540	0.00%	0.0096	1.29%	True
159954	南方恒生中国企业ETF行情吧档案			0.9476	0.9476	0.9357	0.9357	0.9440	0.38%	0.0119	1.27%	True
512570	易方达中证全指证券ETF行情吧档案			0.7488	0.7488	0.7394	0.7394	0.7530	-0.56%	0.0094	1.27%	True
512330	南方中证500信息技术ETF行情吧档案			0.5836	0.5836	0.5763	0.5763	0.5840	-0.07%	0.0073	1.27%	True
159930	汇添富中证能源ETF行情吧档案			0.6802	0.6802	0.6717	0.6717	0.6740	0.91%	0.0085	1.27%	True
150165	东吴转债B行情吧档案			0.8030	---	0.7930	---	0.8890	-10.71%	0.0100	1.26%	True
510900	易方达恒生国企ETF行情吧档案			1.1454	1.1954	1.1312	1.1812	1.1410	0.38%	0.0142	1.26%	True
159960	平安港股通恒生中国企业ETF行情吧档案			0.9658	0.9658	0.9539	0.9539	0.9630	0.29%	0.0119	1.25%	True
159909	招商深证TMT50ETF行情吧档案			3.3477	1.0295	3.3065	1.0168	3.3460	0.05%	0.0412	1.25%	True
510820	上证上海改革发展主题ETF行情吧档案			0.7440	0.7440	0.7349	0.7349	---	---	0.0091	1.24%	True
150185	申万中证环保产业指数分级B行情吧档案			0.8638	---	0.8533	---	0.8590	0.56%	0.0105	1.23%	True
512040	富国中证价值ETF行情吧档案			0.9751	0.9751	0.9633	0.9633	0.9730	0.22%	0.0118	1.23%	True
159907	广发中小板300ETF行情吧档案			1.0109	0.9184	0.9988	0.9075	1.0110	-0.01%	0.0121	1.21%	True
510290	南方上证380ETF行情吧档案			1.1893	1.1893	1.1754	1.1754	1.1910	-0.14%	0.0139	1.18%	True
150278	鹏华高铁分级B行情吧档案			0.6850	0.0310	0.6770	0.0310	0.7190	-4.96%	0.0080	1.18%	True
512960	博时央企结构调整ETF行情吧档案			0.9428	0.9428	0.9320	0.9320	0.9430	-0.02%	0.0108	1.16%	True
159945	广发中证全指能源ETF行情吧档案			0.6140	0.6140	0.6071	0.6071	0.6140	0.00%	0.0069	1.14%	True
512850	中信建投北京50ETF行情吧档案			0.9507	0.9507	0.9409	0.9409	0.9490	0.18%	0.0098	1.04%	True
512950	华夏中证央企ETF行情吧档案			0.9484	0.9484	0.9387	0.9387	0.9500	-0.17%	0.0097	1.03%	True
159932	大成中证500深市ETF行情吧档案			1.1870	1.0060	1.1750	0.9950	1.1810	0.51%	0.0120	1.02%	True
512510	华泰柏瑞中证500ETF行情吧档案			0.9238	0.4712	0.9145	0.4666	0.9230	0.09%	0.0093	1.02%	True
510510	广发中证500ETF行情吧档案			1.2333	1.2333	1.2209	1.2209	1.2310	0.19%	0.0124	1.02%	True
159922	嘉实中证500ETF行情吧档案			4.5414	1.2733	4.4958	1.2606	4.5520	-0.23%	0.0456	1.01%	True
510500	南方中证500ETF行情吧档案			4.6570	1.3055	4.6103	1.2924	4.6590	-0.04%	0.0467	1.01%	True
150191	新华中证环保产业指数分级B行情吧档案			1.0990	0.1670	1.0880	0.1650	1.1490	-4.55%	0.0110	1.01%	True
510590	平安中证500ETF行情吧档案			4.4380	0.7405	4.3936	0.7331	4.4300	0.18%	0.0444	1.01%	True
510550	方正富邦中证500ETF行情吧档案			1.0108	1.0108	1.0007	1.0007	1.0010	0.97%	0.0101	1.01%	True
512500	华夏中证500ETF行情吧档案			2.1662	0.4742	2.1446	0.4694	2.1630	0.15%	0.0216	1.01%	True
510580	易方达中证500ETF行情吧档案			4.3294	0.6671	4.2865	0.6605	4.4100	-1.86%	0.0429	1.00%	True
510520	诺安中证500ETF行情吧档案			1.1303	1.1303	1.1191	1.1191	1.1450	-1.30%	0.0112	1.00%	True
159935	景顺长城中证500ETF行情吧档案			1.2011	1.2011	1.1892	1.1892	1.1990	0.17%	0.0119	1.00%	True
510560	国寿安保中证500ETF行情吧档案			0.9298	0.4305	0.9206	0.4263	0.9260	0.41%	0.0092	1.00%	True
150308	富国中证体育产业指数分级B行情吧档案			0.9420	0.0490	0.9330	0.0490	1.0510	-11.57%	0.0090	0.96%	True
159953	广发中证全指工业ETF行情吧档案			0.6723	0.6723	0.6659	0.6659	0.6800	-1.15%	0.0064	0.96%	True
510440	中证500沪市ETF行情吧档案			1.3120	1.3120	1.3000	1.3000	1.3020	0.76%	0.0120	0.92%	True
150326	工银中证高铁产业指数分级B行情吧档案			1.1349	0.0566	1.1247	0.0561	1.5490	-36.49%	0.0102	0.91%	True
159959	银华中证央企结构调整ETF行情吧档案			0.9913	0.9913	0.9825	0.9825	0.9850	0.64%	0.0088	0.90%	True
512200	南方中证房地产ETF行情吧档案			0.7339	0.7339	0.7274	0.7274	0.7330	0.12%	0.0065	0.89%	True
150310	信诚中证信息安全指数分级B行情吧档案			0.9450	---	0.9370	---	1.1380	-20.42%	0.0080	0.85%	True
512220	景顺中证TMT150ETF行情吧档案			0.9892	0.9892	0.9810	0.9810	0.9980	-0.89%	0.0082	0.84%	True
159939	广发中证全指信息技术ETF行情吧档案			0.7691	0.7691	0.7630	0.7630	0.7690	0.01%	0.0061	0.80%	True
512660	国泰中证军工ETF行情吧档案			0.6561	0.6561	0.6509	0.6509	0.6560	0.02%	0.0052	0.80%	True
512560	易方达中证军工ETF行情吧档案			0.7208	0.7208	0.7152	0.7152	0.7160	0.67%	0.0056	0.78%	True
512810	华宝中证军工ETF行情吧档案			0.6205	0.6205	0.6157	0.6157	0.6190	0.24%	0.0048	0.78%	True
512310	南方中证500工业ETF行情吧档案			0.4306	0.4306	0.4273	0.4273	0.4310	-0.09%	0.0033	0.77%	True
159951	嘉实中关村A股ETF行情吧档案			0.6681	0.6681	0.6630	0.6630	0.6640	0.61%	0.0051	0.77%	True
512680	广发中证军工ETF行情吧档案			0.6471	0.6471	0.6423	0.6423	0.6460	0.17%	0.0048	0.75%	True
159918	嘉实中创400ETF行情吧档案			1.1751	1.1751	1.1664	1.1664	1.1790	-0.33%	0.0087	0.75%	True
159936	广发中证全指可选消费ETF行情吧档案			1.1350	1.1350	1.1268	1.1268	1.1270	0.70%	0.0082	0.73%	True
512100	南方中证1000ETF行情吧档案			0.5542	0.5542	0.5504	0.5504	0.5540	0.04%	0.0038	0.69%	True
512780	广发中证京津冀发展ETF行情吧档案			0.7179	0.7179	0.7132	0.7132	0.7180	-0.01%	0.0047	0.66%	True
512260	华安中证低波动ETF行情吧档案			1.0133	1.0133	1.0067	1.0067	1.0110	0.23%	0.0066	0.66%	True
512580	广发中证环保ETF行情吧档案			0.6730	0.6730	0.6691	0.6691	0.6730	0.00%	0.0039	0.58%	True
150189	招商可转债分级债券B行情吧档案			0.6070	1.7000	0.6040	1.6970	0.6230	-2.64%	0.0030	0.50%	True
512980	广发中证传媒ETF行情吧档案			0.6798	0.6798	0.6765	0.6765	0.6810	-0.18%	0.0033	0.49%	True
512890	华泰柏瑞中证低波动ETF行情吧档案			1.0051	1.0051	1.0004	1.0004	1.0030	0.21%	0.0047	0.47%	True
150033	嘉实多利分级债券进取行情吧档案			0.6767	0.9702	0.6745	0.9680	0.8570	-26.64%	0.0022	0.33%	True
150067	国泰互利分级债券B行情吧档案			1.3380	1.9590	1.3340	1.9550	1.6850	-25.93%	0.0040	0.30%	True
150190	新华中证环保产业指数分级A行情吧档案			1.0030	1.2820	1.0020	1.2810	0.9880	1.50%	0.0010	0.10%	True
150148	信诚中证800医药指数分级A行情吧档案			1.0050	1.2880	1.0040	1.2870	0.9590	4.58%	0.0010	0.10%	True
150157	信诚中证800金融指数分级A行情吧档案			1.0050	1.2680	1.0040	1.2670	0.9710	3.38%	0.0010	0.10%	True
150150	信诚中证800有色指数分级A行情吧档案			1.0050	1.2850	1.0040	1.2840	0.9730	3.18%	0.0010	0.10%	True
150307	富国中证体育产业指数分级A行情吧档案			1.0060	1.1630	1.0050	1.1620	0.9680	3.78%	0.0010	0.10%	True
150315	富国中证工业4.0指数分级A行情吧档案			1.0060	1.1650	1.0050	1.1640	0.9670	3.88%	0.0010	0.10%	True
150223	富国中证全指证券公司分级A行情吧档案			1.0060	1.2270	1.0050	1.2260	1.0480	-4.17%	0.0010	0.10%	True
150167	银华沪深300指数分级A行情吧档案			1.0070	---	1.0060	---	---	---	0.0010	0.10%	True
150138	银华800A行情吧档案			1.0070	---	1.0060	---	---	---	0.0010	0.10%	True
518800	国泰黄金ETF行情吧档案			2.7904	1.0555	2.7887	1.0549	2.7900	0.01%	0.0017	0.06%	True
159934	易方达黄金ETF行情吧档案			2.7929	1.1378	2.7912	1.1371	2.7930	0.00%	0.0017	0.06%	True
518880	华安黄金易ETF行情吧档案			2.8111	1.0615	2.8094	1.0609	2.8110	0.00%	0.0017	0.06%	True
159937	博时黄金ETF行情吧档案			2.8121	1.1042	2.8104	1.1035	2.8120	0.00%	0.0017	0.06%	True
511230	海富通上证周期产业债ETF行情吧档案			102.7951	1.0680	102.7575	1.0676	98.0000	4.66%	0.0376	0.04%	True
511220	海富通上证可质押城投债ETF行情吧档案			97.0570	1.1960	97.0300	1.1950	95.5020	1.60%	0.0270	0.03%	True
511880	银华日利A行情吧档案			100.2760	120.6600	100.2530	120.6370	100.2550	0.02%	0.0230	0.02%	True
150083	广发深证100指数分级A行情吧档案			1.0025	1.3907	1.0023	1.3905	0.9790	2.34%	0.0002	0.02%	True
150215	国泰深证TMT50指数分级A行情吧档案			1.0020	1.1776	1.0018	1.1774	1.1150	-11.28%	0.0002	0.02%	True
150104	华安沪深300指数分级A行情吧档案			1.0025	1.3815	1.0023	1.3813	0.9680	3.44%	0.0002	0.02%	True
150175	银华恒生国企指数分级A行情吧档案			1.0066	---	1.0064	---	---	---	0.0002	0.02%	True
150263	华宝中证1000指数分级A行情吧档案			1.0053	1.2024	1.0051	1.2023	0.9890	1.62%	0.0002	0.02%	True
150261	华宝中证医疗指数分级A行情吧档案			1.0053	1.2048	1.0051	1.2046	0.9940	1.12%	0.0002	0.02%	True
150123	建信央视50A行情吧档案			1.0030	---	1.0028	---	1.0080	-0.50%	0.0002	0.02%	True
150130	国泰国证医药卫生指数分级A行情吧档案			1.0044	1.3277	1.0042	1.3275	0.9990	0.54%	0.0002	0.02%	True
150145	招商沪深300高贝塔分级A行情吧档案			1.0044	1.3067	1.0042	1.3065	0.9720	3.23%	0.0002	0.02%	True
150106	易方达中小板指数分级A行情吧档案			1.0227	---	1.0225	---	1.0320	-0.91%	0.0002	0.02%	True
502011	易方达证券公司分级A行情吧档案			1.0242	---	1.0240	---	0.9850	3.83%	0.0002	0.02%	True
150032	嘉实多利分级债券优先行情吧档案			1.0407	1.3917	1.0405	1.3915	1.0280	1.22%	0.0002	0.02%	True
150198	国泰国证食品饮料行业指数A行情吧档案			1.0024	1.2458	1.0023	1.2457	1.2140	-21.11%	0.0001	0.01%	True
150247	工银中证传媒指数分级A行情吧档案			1.0024	1.2063	1.0023	1.2062	0.9890	1.34%	0.0001	0.01%	True
150117	国泰国证房地产行业指数分级A行情吧档案			1.0024	1.3664	1.0023	1.3663	0.9920	1.04%	0.0001	0.01%	True
150303	华安创业板50指数分级A行情吧档案			1.0051	1.2195	1.0050	1.2194	0.9910	1.40%	0.0001	0.01%	True
502037	大成中证互联网金融指数分级A行情吧档案			1.0048	---	1.0047	---	0.9900	1.47%	0.0001	0.01%	True
150323	工银中证环保产业指数分级A行情吧档案			1.0024	1.1966	1.0023	1.1965	0.9800	2.23%	0.0001	0.01%	True
502001	西部利得中证500等权重分级A行情吧档案			1.0024	1.1954	1.0023	1.1953	0.9680	3.43%	0.0001	0.01%	True
150271	招商国证生物医药指数分级A行情吧档案			1.0039	1.1685	1.0038	1.1684	0.9640	3.97%	0.0001	0.01%	True
150269	招商中证白酒指数分级A行情吧档案			1.0039	1.1685	1.0038	1.1684	0.9690	3.48%	0.0001	0.01%	True
150301	华安中证全指证券公司分级A行情吧档案			1.0051	1.2196	1.0050	1.2195	0.9870	1.80%	0.0001	0.01%	True
150196	国泰国证有色金属行业分级A行情吧档案			1.0024	1.2148	1.0023	1.2147	0.9880	1.44%	0.0001	0.01%	True
150053	泰达稳健行情吧档案			1.0024	1.4154	1.0023	1.4153	0.9730	2.93%	0.0001	0.01%	True
150055	工银中证500分级A行情吧档案			1.0024	1.4090	1.0023	1.4089	0.9730	2.93%	0.0001	0.01%	True
150251	招商中证煤炭等权指数分级A行情吧档案			1.0039	1.1695	1.0038	1.1694	0.9560	4.77%	0.0001	0.01%	True
150327	工银中证新能源指数分级A行情吧档案			1.0024	1.1967	1.0023	1.1966	0.9820	2.04%	0.0001	0.01%	True
502057	广发医疗指数分级A行情吧档案			1.0048	1.1943	1.0047	1.1942	0.9850	1.97%	0.0001	0.01%	True
150299	华安中证银行指数分级A行情吧档案			1.0051	1.2028	1.0050	1.2027	0.9930	1.20%	0.0001	0.01%	True
150325	工银中证高铁产业指数分级A行情吧档案			1.0024	1.1944	1.0023	1.1943	0.9870	1.54%	0.0001	0.01%	True
150207	招商沪深300地产等权重分级A行情吧档案			1.0039	1.1998	1.0038	1.1997	1.0990	-9.47%	0.0001	0.01%	True
150200	招商中证全指证券公司分级A行情吧档案			1.0039	1.2047	1.0038	1.2046	0.9670	3.68%	0.0001	0.01%	True
150249	招商中证银行指数分级A行情吧档案			1.0039	1.1695	1.0038	1.1694	0.9920	1.19%	0.0001	0.01%	True
150171	申万菱信申万证券分级A行情吧档案			1.0116	---	1.0115	---	0.9850	2.63%	0.0001	0.01%	True
502004	易方达军工分级A行情吧档案			1.0112	---	1.0111	---	0.9730	3.78%	0.0001	0.01%	True
150295	南方中证国有企业改革分级A行情吧档案			1.0063	---	1.0062	---	0.9790	2.71%	0.0001	0.01%	True
150293	南方中证高铁产业指数分级A行情吧档案			1.0069	---	1.0068	---	0.9920	1.48%	0.0001	0.01%	True
150225	博时中证800证券保险分级A行情吧档案			1.0063	1.2002	1.0062	1.2001	---	---	0.0001	0.01%	True
150267	博时中证银行指数分级A行情吧档案			1.0063	1.1977	1.0062	1.1976	0.9750	3.11%	0.0001	0.01%	True
150186	申万菱信中证军工指数分级A行情吧档案			1.0218	---	1.0217	---	0.9840	3.70%	0.0001	0.01%	True
150297	南方中证互联网指数分级A行情吧档案			1.0247	---	1.0246	---	1.0130	1.14%	0.0001	0.01%	True
150259	易方达重组分级A行情吧档案			1.0253	---	1.0252	---	0.9870	3.74%	0.0001	0.01%	True
150184	申万中证环保产业指数分级A行情吧档案			1.0164	---	1.0163	---	1.0000	1.61%	0.0001	0.01%	True
150283	申万菱信申万医药生物分级A行情吧档案			1.0261	---	1.0260	---	0.9950	3.03%	0.0001	0.01%	True
502007	易方达国企改革指数分级A行情吧档案			1.0269	---	1.0268	---	0.9870	3.89%	0.0001	0.01%	True
150255	易方达银行分级A行情吧档案			1.0285	---	1.0284	---	0.9940	3.35%	0.0001	0.01%	True
150231	申万菱信申万电子分级A行情吧档案			1.0306	---	1.0305	---	0.9990	3.07%	0.0001	0.01%	True
150257	易方达生物分级A行情吧档案			1.0285	---	1.0284	---	0.9950	3.26%	0.0001	0.01%	True
502049	易方达上证50指数分级A行情吧档案			1.0452	---	1.0451	---	1.0100	3.37%	0.0001	0.01%	True
150209	富国中证国企改革指数分级A行情吧档案	1.0040	1.1960	1.0040	1.1960	0.0000	0.00%	0.9690	3.49%			True
150213	国投瑞银中证创业指数分级A行情吧档案	1.0020	1.2190	1.0020	1.2190	0.0000	0.00%	0.9730	2.89%			True
150177	鹏华证券保险分级A行情吧档案	1.0020	1.2340	1.0020	1.2340	0.0000	0.00%	0.9650	3.69%			True
150179	鹏华信息分级A行情吧档案	1.0020	1.2340	1.0020	1.2340	0.0000	0.00%	0.9530	4.89%			True
150194	富国中证移动互联网指数分级A行情吧档案	1.0040	1.2130	1.0040	1.2130	0.0000	0.00%	0.9680	3.59%			True
502014	长盛中证申万一带一路分级A行情吧档案	1.0070	---	1.0070	---	0.0000	0.00%	0.9740	3.28%			True
150311	信诚中证智能家居指数分级A行情吧档案	1.0050	---	1.0050	---	0.0000	0.00%	0.9960	0.90%			True
502024	鹏华钢铁分级A行情吧档案	1.0170	1.1600	1.0170	1.1600	0.0000	0.00%	0.9760	4.03%			True
150235	鹏华证券分级A行情吧档案	1.0210	1.1720	1.0210	1.1720	0.0000	0.00%	0.9910	2.94%			True
150203	鹏华传媒分级A 行情吧档案	1.0060	1.1980	1.0060	1.1980	0.0000	0.00%	0.9670	3.88%			True
150152	富国创业板指数分级A行情吧档案	1.0020	1.2980	1.0020	1.2980	0.0000	0.00%	0.9720	2.99%			True
150012	国联安双禧中证100A行情吧档案	1.1380	1.4100	1.1380	1.4100	0.0000	0.00%	1.1060	2.81%			True
150018	银华稳进行情吧档案	1.0020	1.4720	1.0020	1.4720	0.0000	0.00%	0.9670	3.49%			True
150181	富国中证军工指数分级A行情吧档案	1.0040	1.2370	1.0040	1.2370	0.0000	0.00%	0.9680	3.59%			True
150229	鹏华酒分级A行情吧档案	1.0100	1.1740	1.0100	1.1730	0.0000	0.00%	0.9730	3.66%			True
150219	前海开源健康分级A行情吧档案	1.0030	1.2330	1.0030	1.2330	0.0000	0.00%	1.0010	0.20%			True
150289	中融中证煤炭指数分级A行情吧档案	1.0050	1.2000	1.0050	1.2000	0.0000	0.00%	0.9930	1.19%			True
150211	富国中证新能源汽车指数分级A行情吧档案	1.0050	1.1980	1.0050	1.1980	0.0000	0.00%	0.9740	3.08%			True
150227	鹏华银行分级A行情吧档案	1.0100	1.1750	1.0100	1.1750	0.0000	0.00%	0.9730	3.66%			True
150335	融通军工分级A行情吧档案	1.0050	1.2100	1.0050	1.2100	0.0000	0.00%	0.9920	1.29%			True
150135	国富中证100指数增强分级A行情吧档案	1.0020	1.1970	1.0020	1.1970	0.0000	0.00%	0.9970	0.50%			True
150309	信诚中证信息安全指数分级A行情吧档案	1.0050	---	1.0050	---	0.0000	0.00%	0.9650	3.98%			True
150281	长盛中证金融地产指数分级A行情吧档案	1.0070	---	1.0070	---	0.0000	0.00%	0.9790	2.78%			True
150237	鹏华环保分级A行情吧档案	1.0100	1.1660	1.0100	1.1660	0.0000	0.00%	0.9960	1.39%			True
150245	鹏华互联网分级A行情吧档案	1.0100	1.1660	1.0100	1.1660	0.0000	0.00%	0.9740	3.56%			True
150049	南方消费收益行情吧档案	1.0400	1.4230	1.0400	1.4230	0.0000	0.00%	1.0080	3.08%			True
150036	建信稳健行情吧档案	1.0020	---	1.0020	---	0.0000	0.00%	0.9990	0.30%			True
150073	诺安稳健行情吧档案	1.0020	1.3960	1.0020	1.3960	0.0000	0.00%	0.9800	2.20%			True
150092	诺德深证300指数分级A行情吧档案	1.0020	1.3540	1.0020	1.3540	0.0000	0.00%	0.9710	3.09%			True
150094	泰信基本面400A行情吧档案	1.0020	1.3680	1.0020	1.3680	0.0000	0.00%	0.9680	3.39%			True
150066	国泰互利分级债券A行情吧档案	1.0010	1.2650	1.0010	1.2650	0.0000	0.00%	0.9530	4.80%			True
150273	鹏华一带一路分级A行情吧档案	1.0250	1.1720	1.0250	1.1720	0.0000	0.00%	0.9980	2.63%			True
150051	信诚沪深300指数分级A行情吧档案	1.0040	1.3730	1.0040	1.3730	0.0000	0.00%	0.9710	3.29%			True
150143	银华中证转债指数增强分级A行情吧档案	1.0060	---	1.0060	---	0.0000	0.00%	0.9400	6.56%			True
150164	东吴转债A行情吧档案	1.0060	---	1.0060	---	0.0000	0.00%	---	---			True
150241	富国中证银行指数分级A行情吧档案	1.0040	1.1730	1.0040	1.1730	0.0000	0.00%	0.9640	3.98%			True
150291	中融中证银行指数分级A行情吧档案	1.0050	1.2030	1.0050	1.2030	0.0000	0.00%	0.9940	1.09%			True
150329	方正富邦保险主题指数分级A行情吧档案	1.0040	1.1650	1.0040	1.1650	0.0000	0.00%	0.9660	3.78%			True
150343	融通证券分级A行情吧档案	1.0050	1.2080	1.0050	1.2080	0.0000	0.00%	0.9910	1.39%			True
150321	富国中证煤炭指数分级A行情吧档案	1.0080	1.2350	1.0080	1.2350	0.0000	0.00%	---	---			True
150317	交银中证互联网金融指数分级A行情吧档案	1.0020	1.1990	1.0020	1.1990	0.0000	0.00%	1.0500	-4.79%			True
150028	信诚中证500指数分级A行情吧档案	1.0450	1.4510	1.0450	1.4510	0.0000	0.00%	1.0100	3.35%			True
150030	银华中证等权90金利行情吧档案	1.0020	1.4630	1.0020	1.4630	0.0000	0.00%	0.9510	5.09%			True
150279	鹏华新能源分级A行情吧档案	1.0200	1.1710	1.0200	1.1700	0.0000	0.00%	0.9850	3.43%			True
150169	汇添富恒生指数分级A行情吧档案	1.0020	---	1.0020	---	0.0000	0.00%	0.9750	2.69%			True
150287	中融国证钢铁行业指数分级A行情吧档案	1.0050	1.2010	1.0050	1.2010	0.0000	0.00%	0.9940	1.09%			True
150221	前海开源中航军工A行情吧档案	1.0030	1.2550	1.0030	1.2550	0.0000	0.00%	1.0380	-3.49%			True
150243	鹏华创业板分级A行情吧档案	1.0060	1.1660	1.0060	1.1660	0.0000	0.00%	0.9680	3.78%			True
502054	长盛中证证券公司分级A行情吧档案	1.0070	---	1.0070	---	0.0000	0.00%	0.9750	3.18%			True
150064	长盛同瑞200分级A行情吧档案	1.0020	1.4190	1.0020	1.4190	0.0000	0.00%	0.9530	4.89%			True
150100	鹏华资源分级A行情吧档案	1.0020	1.3300	1.0020	1.3300	0.0000	0.00%	0.9800	2.20%			True
150265	中融一带一路分级A行情吧档案	1.0050	1.2070	1.0050	1.2070	0.0000	0.00%	0.9900	1.49%			True
150275	安信一带一路分级A行情吧档案	1.0040	1.1700	1.0040	1.1700	0.0000	0.00%	0.9680	3.59%			True
150059	银华金瑞行情吧档案	1.0020	1.4190	1.0020	1.4190	0.0000	0.00%	0.9820	2.00%			True
150305	国寿安保中证养老产业分级A行情吧档案	1.0040	1.1750	1.0040	1.1750	0.0000	0.00%	0.9800	2.39%			True
150192	鹏华地产分级A行情吧档案	1.0020	1.2130	1.0020	1.2130	0.0000	0.00%	1.0190	-1.70%			True
502021	国金上证50分级A行情吧档案	1.0040	---	1.0040	---	0.0000	0.00%	0.9660	3.78%			True
502041	长盛上证50指数分级A行情吧档案	1.0070	---	1.0070	---	0.0000	0.00%	1.0390	-3.18%			True
150173	信诚中证TMT产业指数分级A行情吧档案	1.0040	1.2000	1.0040	1.2000	0.0000	0.00%	0.9880	1.59%			True
150205	鹏华中证国防指数分级A行情吧档案	1.0060	1.2030	1.0060	1.2030	0.0000	0.00%	---	---			True
150277	鹏华高铁分级A行情吧档案	1.0170	1.1710	1.0170	1.1710	0.0000	0.00%	0.9860	3.05%			True
150217	交银国证新能源指数分级A行情吧档案	1.0020	1.1890	1.0020	1.1890	0.0000	0.00%	0.9640	3.79%			True
150188	招商可转债分级债券A行情吧档案	1.0040	1.2250	1.0040	1.2250	0.0000	0.00%	0.9940	1.00%			True
511280	华夏3-5年信用债ETF行情吧档案	105.4563	1.0546	105.4569	1.0546	103.0000	2.33%					True
511270	海富通上证10年期ETF行情吧档案	105.5078	1.0551	105.5859	1.0559	104.1350	1.30%					True
511260	国泰上证10年期国债ETF行情吧档案	106.4450	1.0640	106.5590	1.0660	106.4400	0.00%					True
511290	广发上证10年期国债ETF行情吧档案	105.2248	1.0522	105.3394	1.0534	102.8520	2.25%					True
511310	富国中证10年期国债ETF行情吧档案	107.5016	1.0750	107.6195	1.0762	104.3500	2.93%					True
159926	嘉实中证中期国债ETF行情吧档案	113.3920	1.1340	113.5240	1.1350	111.0000	2.11%					True
511010	国泰上证5年期国债ETF行情吧档案	116.5100	1.1780	116.6710	1.1800	116.6030	-0.08%					True
513030	华安德国30(DAX)ETF行情吧档案	---	---	0.9350	0.9350	---	---	0.9430	---			True
159941	广发纳斯达克100ETF行情吧档案	---	---	1.4881	1.4881	---	---	1.4860	---			True
513100	国泰纳斯达克100ETF行情吧档案	---	---	2.3720	2.3720	---	---	2.3780	---			True
150159	中欧纯债添利分级债券B行情吧档案	1.0750	1.4100	---	---	---	---	---	---			True
513500	博时标普500ETF行情吧档案	---	---	1.6610	1.6610	---	---	1.6630	---			True
511030	平安中债债利差因子ETF行情吧档案	1.0037	1.0037	---	---	---	---	---	---			True
510850	工银瑞信上证50ETF行情吧档案	1.0093	1.0093	---	---	---	---	---	---			True
512870	南华中证杭州湾区ETF行情吧档案	0.9840	0.9840	---	---	---	---	---	---			True
513680	建信港股通恒生中国ETF行情吧档案	1.0027	1.0027	---	---	---	---	---	---			True
513050	易方达中概互联50ETF行情吧档案	---	---	1.1232	1.1232	---	---	1.1290	---			True
512150	汇安富时中国A50ETF行情吧档案	0.9971	0.9971	---	---	---	---	---	---			True
511020	平安中证5-10年国债活跃券ETF行情吧档案	1.0034	1.0034	---	---	---	---	---	---			True
